id,image_path/0,image_path/1,room_id
1,apartment-bali-badung-citadines-executive-2-1.webp,apartment-bali-badung-citadines-executive-2-2.webp,1
2,apartment-bali-badung-citadines-onebedroom-3-1.webp,apartment-bali-badung-citadines-onebedroom-3-2.webp,2
3,apartment-bali-badung-coast-onebedroom-3-1.webp,apartment-bali-badung-coast-onebedroom-3-2.webp,3
4,apartment-bali-badung-coast-studio-2-1.webp,apartment-bali-badung-coast-studio-2-2.webp,4
5,apartment-bali-legian-suji-onebedroom-3-1.webp,apartment-bali-legian-suji-onebedroom-3-2.webp,5
6,apartment-bali-legian-suji-studioqueen-2-1.webp,apartment-bali-legian-suji-studioqueen-2-2.webp,6
7,apartment-bali-denpasar-thevinhill-ondebedroom-3-1.webp,apartment-bali-denpasar-thevinhill-ondebedroom-3-2.webp,7
8,apartment-bali-denpasar-thevinhill-standard-2-1.webp,apartment-bali-denpasar-thevinhill-standard-2-2.webp,8
9,guesthouse-bali-ubud-authenticvibes-superior-2-1.webp,guesthouse-bali-ubud-authenticvibes-superior-2-2.webp,9
10,guesthouse-bali-ubud-authenticvibes-twin-3-1.webp,guesthouse-bali-ubud-authenticvibes-twin-3-2.webp,10
11,guesthouse-bali-sukasada-fireplace-comfy-2-1.webp,guesthouse-bali-sukasada-fireplace-comfy-2-2.jpeg,11
12,guesthouse-bali-sukasada-fireplace-elegant-3-1.webp,guesthouse-bali-sukasada-fireplace-elegant-3-2.webp,12
13,guesthouse-bali-kuta-gardenmahe-large-3-1.webp,guesthouse-bali-kuta-gardenmahe-large-3-2.webp,13
14,guesthouse-bali-kuta-gardenmahe-medium-2-1.webp,guesthouse-bali-kuta-gardenmahe-medium-2-2.webp,14
15,guesthouse-bali-kuta-melasti-king-3-1.webp,guesthouse-bali-kuta-melasti-king-3-2.webp,15
16,guesthouse-bali-kuta-melasti-master-2-1.webp,guesthouse-bali-kuta-melasti-master-2-2.webp,16
17,hotel-bali-kuta-aston-family-2-1.webp,hotel-bali-kuta-aston-family-2-2.webp,17
18,hotel-bali-kuta-aston-premier-3-1.webp,hotel-bali-kuta-aston-premier-3-2.webp,18
19,hotel-bali-seminyak-potatohead-resident-3-1.webp,hotel-bali-seminyak-potatohead-resident-3-2.webp,19
20,hotel-bali-seminyak-potatohead-studio-2-1.webp,hotel-bali-seminyak-potatohead-studio-2-2.webp,20
21,hotel-bali-badung-swissbell-deluxe-2-1.webp,hotel-bali-badung-swissbell-deluxe-2-2.webp,21
22,hotel-bali-badung-swissbell-suite-3-1.webp,hotel-bali-badung-swissbell-suite-3-2.webp,22
23,hotel-bali-nusadua-theapurva-deluxe-2-1.webp,hotel-bali-nusadua-theapurva-deluxe-2-2.webp,23
24,hotel-bali-nusadua-theapurva-juniorsuite-3-1.webp,hotel-bali-nusadua-theapurva-juniorsuite-3-2.webp,24
25,villa-bali-ubud-hideaway-master-3-1.webp,villa-bali-ubud-hideaway-master-3-2.webp,25
26,villa-bali-ubud-hideaway-superiortwin-2-1.webp,villa-bali-ubud-hideaway-superiortwin-2-2.webp,26
27,villa-bali-ubud-stunning-master-3-1.webp,villa-bali-ubud-stunning-master-3-2.webp,27
28,villa-bali-ubud-stunning-queen-2-1.webp,villa-bali-ubud-stunning-queen-2-2.webp,28
29,villa-bali-kuta-uluwatusurf-deluxe-3-1.webp,villa-bali-kuta-uluwatusurf-deluxe-3-2.webp,29
30,villa-bali-kuta-uluwatusurf-onebedroom-2-1.webp,villa-bali-kuta-uluwatusurf-onebedroom-2-2.webp,30
31,villa-bali-kubutambahan-wisa-deluxe-2-1.webp,villa-bali-kubutambahan-wisa-deluxe-2-2.webp,31
32,villa-bali-kubutambahan-wisa-superking-3-1.webp,villa-bali-kubutambahan-wisa-superking-3-2.webp,32
33,apartment-bandung-buahbatu-emeraldapartel-deluxe-3-1.webp,apartment-bandung-buahbatu-emeraldapartel-deluxe-3-2.webp,33
34,apartment-bandung-buahbatu-emeraldapartel-onebedroom-2-1.webp,apartment-bandung-buahbatu-emeraldapartel-onebedroom-2-2.webp,34
35,apartment-bandung-cicendo-gateway-onebedroom-3-1.webp,apartment-bandung-cicendo-gateway-onebedroom-3-2.webp,35
36,apartment-bandung-cicendo-gateway-studio-2-1.webp,apartment-bandung-cicendo-gateway-studio-2-2.webp,36
37,apartment-bandung-antapani-tamansarinarel-onebedroom-3-1.webp,apartment-bandung-antapani-tamansarinarel-onebedroom-3-2.webp,37
38,apartment-bandung-antapani-tamansarinarel-studio-2-1.webp,apartment-bandung-antapani-tamansarinarel-studio-2-2.webp,38
39,apartment-bandung-batununggal-thesuitesmetro-onebedroom-3-1.webp,apartment-bandung-batununggal-thesuitesmetro-onebedroom-3-2.webp,39
40,apartment-bandung-batununggal-thesuitesmetro-studio-2-1.webp,apartment-bandung-batununggal-thesuitesmetro-studio-2-2.webp,40
41,guesthouse-bandung-cimenyan-incognito-master-2-1.webp,guesthouse-bandung-cimenyan-incognito-master-2-2.webp,41
42,guesthouse-bandung-cimenyan-incognito-twin-3-1.webp,guesthouse-bandung-cimenyan-incognito-twin-3-2.webp,42
43,guesthouse-bandung-dagopakar-jendelapakar-king-3-1.webp,guesthouse-bandung-dagopakar-jendelapakar-king-3-2.webp,43
44,guesthouse-bandung-dagopakar-jendelapakar-superking-2-1.webp,guesthouse-bandung-dagopakar-jendelapakar-superking-2-2.webp,44
45,guesthouse-bandung-dago-syllo2-king-3-1.webp,guesthouse-bandung-dago-syllo2-king-3-2.webp,45
46,guesthouse-bandung-dago-syllo2-queen-2-1.webp,guesthouse-bandung-dago-syllo2-queen-2-2.webp,46
47,guesthouse-bandung-cimenyan-yucca-master-2-1.webp,guesthouse-bandung-cimenyan-yucca-master-2-2.webp,47
48,guesthouse-bandung-cimenyan-yucca-twin-3-1.webp,guesthouse-bandung-cimenyan-yucca-twin-3-2.webp,48
49,hotel-bandung-setiabudi-gaia-club-3-1.webp,hotel-bandung-setiabudi-gaia-club-3-2.webp,49
50,hotel-bandung-setiabudi-gaia-deluxe-2-1.webp,hotel-bandung-setiabudi-gaia-deluxe-2-2.webp,50
51,hotel-bandung-pasirkaliki-hilton-deluxe-3-1.webp,hotel-bandung-pasirkaliki-hilton-deluxe-3-2.webp,51
52,hotel-bandung-pasirkaliki-hilton-queen-2-1.webp,hotel-bandung-pasirkaliki-hilton-queen-2-2.webp,52
53,hotel-bandung-dagopakar-intercontinental-standard-2-1.webp,hotel-bandung-dagopakar-intercontinental-standard-2-2.webp,53
54,hotel-bandung-dagopakar-intercontinental-twin-3-1.webp,hotel-bandung-dagopakar-intercontinental-twin-3-2.webp,54
55,hotel-bandung-juanda-marriot-king-3-1.webp,hotel-bandung-juanda-marriot-king-3-2.webp,55
56,hotel-bandung-juanda-marriot-twinbed-2-1.webp,hotel-bandung-juanda-marriot-twinbed-2-2.webp,56
57,villa-bandung-dago-bumiandung-king-3-1.webp,villa-bandung-dago-bumiandung-king-3-2.webp,57
58,villa-bandung-dago-bumiandung-queen-2-1.webp,villa-bandung-dago-bumiandung-queen-2-2.webp,58
59,villa-bandung-lembang-derossa-lite-3-1.webp,villa-bandung-lembang-derossa-lite-3-2.webp,59
60,villa-bandung-lembang-derossa-superior-2-1.webp,villa-bandung-lembang-derossa-superior-2-2.webp,60
61,villa-bandung-ciater-miracle-queen-3-1.webp,villa-bandung-ciater-miracle-queen-3-2.webp,61
62,villa-bandung-ciater-miracle-suite-2-1.webp,villa-bandung-ciater-miracle-suite-2-2.webp,62
63,villa-bandung-cibodas-thelodge-campervan-2-1.webp,villa-bandung-cibodas-thelodge-campervan-2-2.webp,63
64,villa-bandung-cibodas-thelodge-superior-3-1.webp,villa-bandung-cibodas-thelodge-superior-3-2.webp,64
65,apartment-jakarta-karet-batavia-deluxe-3-1.webp,apartment-jakarta-karet-batavia-deluxe-3-2.webp,65
66,apartment-jakarta-karet-batavia-superior-2-1.webp,apartment-jakarta-karet-batavia-superior-2-2.webp,66
67,apartment-jakarta-kbybaru-botanica-master-2-1.webp,apartment-jakarta-kbybaru-botanica-master-2-2.webp,67
68,apartment-jakarta-kbybaru-botanica-secondary-3-1.webp,apartment-jakarta-kbybaru-botanica-secondary-3-2.webp,68
69,apartment-jakarta-gandaria-gandariaheights-master-3-1.webp,apartment-jakarta-gandaria-gandariaheights-master-3-2.webp,69
70,apartment-jakarta-gandaria-gandariaheights-secondary-2-1.webp,apartment-jakarta-gandaria-gandariaheights-secondary-2-2.webp,70
71,apartment-jakarta-jatinegara-thehive-primary-3-1.webp,apartment-jakarta-jatinegara-thehive-primary-3-2.webp,71
72,apartment-jakarta-jatinegara-thehive-secondary-2-1.webp,apartment-jakarta-jatinegara-thehive-secondary-2-2.webp,72
73,guesthouse-jakarta-senayan-mkhouse-double-2-1.webp,guesthouse-jakarta-senayan-mkhouse-double-2-2.webp,73
74,guesthouse-jakarta-senayan-mkhouse-queen-3-1.webp,guesthouse-jakarta-senayan-mkhouse-queen-3-2.webp,74
75,guesthouse-jakarta-rempoa-rumahbumi-single-2-1.jpg,guesthouse-jakarta-rempoa-rumahbumi-single-2-2.jpg,75
76,guesthouse-jakarta-rempoa-rumahbumi-singlelong-3-1.jpg,guesthouse-jakarta-rempoa-rumahbumi-singlelong-3-2.jpg,76
77,guesthouse-jakarta-durensawit-rumahperdana-adult-3-1.webp,guesthouse-jakarta-durensawit-rumahperdana-adult-3-2.webp,77
78,guesthouse-jakarta-durensawit-rumahperdana-kid-2-1.webp,guesthouse-jakarta-durensawit-rumahperdana-kid-2-2.webp,78
79,guesthouse-jakarta-kembangan-westhouse-master-2-1.webp,guesthouse-jakarta-kembangan-westhouse-master-2-2.webp,79
80,guesthouse-jakarta-kembangan-westhouse-suite-3-1.webp,guesthouse-jakarta-kembangan-westhouse-suite-3-2.webp,80
81,hotel-jakarta-mangkuluhur-artotel-king-3-1.webp,hotel-jakarta-mangkuluhur-artotel-king-3-2.webp,81
82,hotel-jakarta-mangkuluhur-artotel-twin-2-1.webp,hotel-jakarta-mangkuluhur-artotel-twin-2-2.webp,82
83,hotel-jakarta-pasarbaru-borobudur-clubsuite-3-1.webp,hotel-jakarta-pasarbaru-borobudur-clubsuite-3-2.webp,83
84,hotel-jakarta-pasarbaru-borobudur-twin-2-1.webp,hotel-jakarta-pasarbaru-borobudur-twin-2-2.webp,84
85,hotel-jakarta-senayan-mulia-juniorsuite-3-1.webp,hotel-jakarta-senayan-mulia-juniorsuite-3-2.webp,85
86,hotel-jakarta-senayan-mulia-signature-2-1.webp,hotel-jakarta-senayan-mulia-signature-2-2.webp,86
87,hotel-jakarta-sudirman-thelangham-deluxeking-2-1.webp,hotel-jakarta-sudirman-thelangham-deluxeking-2-2.webp,87
88,hotel-jakarta-sudirman-thelangham-skylineking-3-1.webp,hotel-jakarta-sudirman-thelangham-skylineking-3-2.webp,88
89,villa-jakarta-kbybaru-kasandra-family-2-1.webp,villa-jakarta-kbybaru-kasandra-family-2-2.webp,89
90,villa-jakarta-kbybaru-kasandra-king-3-1.webp,villa-jakarta-kbybaru-kasandra-king-3-2.webp,90
91,villa-jakarta-pondokaren-littlebali-master-2-1.webp,villa-jakarta-pondokaren-littlebali-master-2-2.webp,91
92,villa-jakarta-pondokaren-littlebali-masterpavilion-3-1.webp,villa-jakarta-pondokaren-littlebali-masterpavilion-3-2.webp,92
93,villa-jakarta-pesanggrahan-nuri-queen-3-1.webp,villa-jakarta-pesanggrahan-nuri-queen-3-2.webp,93
94,villa-jakarta-pesanggrahan-nuri-twin-2-1.webp,villa-jakarta-pesanggrahan-nuri-twin-2-2.webp,94
95,villa-jakarta-pesanggrahan-rumatata-master-2-1.webp,villa-jakarta-pesanggrahan-rumatata-master-2-2.webp,95
96,villa-jakarta-pesanggrahan-rumatata-suite-3-1.jpeg,villa-jakarta-pesanggrahan-rumatata-suite-3-2.jpeg,96
97,apartment-surabaya-dukuhpakis-ciputra-masterking-2-1.webp,apartment-surabaya-dukuhpakis-ciputra-masterking-2-2.webp,97
98,apartment-surabaya-dukuhpakis-ciputra-single-3-1.webp,apartment-surabaya-dukuhpakis-ciputra-single-3-2.webp,98
99,apartment-surabaya-sambikerep-orchard-primary-2-1.webp,apartment-surabaya-sambikerep-orchard-primary-2-2.webp,99
100,apartment-surabaya-sambikerep-orchard-secondary-3-1.webp,apartment-surabaya-sambikerep-orchard-secondary-3-2.webp,100
101,apartment-surabaya-wiyung-pakuwon-main-2-1.webp,apartment-surabaya-wiyung-pakuwon-main-2-2.webp,101
102,apartment-surabaya-wiyung-pakuwon-single-3-1.webp,apartment-surabaya-wiyung-pakuwon-single-3-2.webp,102
103,apartment-surabaya-wiyung-rosebay-master-2-1.webp,apartment-surabaya-wiyung-rosebay-master-2-2.webp,103
104,apartment-surabaya-wiyung-rosebay-secondary-3-1.webp,apartment-surabaya-wiyung-rosebay-secondary-3-2.webp,104
105,guesthouse-surabaya-asemrowo-ayyub-king-3-1.webp,guesthouse-surabaya-asemrowo-ayyub-king-3-2.webp,105
106,guesthouse-surabaya-asemrowo-ayyub-master-2-1.webp,guesthouse-surabaya-asemrowo-ayyub-master-2-2.webp,106
107,guesthouse-surabaya-lakarsantri-cheerful-master-2-1.webp,guesthouse-surabaya-lakarsantri-cheerful-master-2-2.webp,107
108,guesthouse-surabaya-lakarsantri-cheerful-single-3-1.webp,guesthouse-surabaya-lakarsantri-cheerful-single-3-2.webp,108
109,guesthouse-surabaya-wonokromo-kebonsari-king-3-1.webp,guesthouse-surabaya-wonokromo-kebonsari-king-3-2.webp,109
110,guesthouse-surabaya-wonokromo-kebonsari-twin-2-1.webp,guesthouse-surabaya-wonokromo-kebonsari-twin-2-2.webp,110
111,guesthouse-surabaya-sambikerep-natura-king-2-1.webp,guesthouse-surabaya-sambikerep-natura-king-2-2.webp,111
112,guesthouse-surabaya-sambikerep-natura-single-3-1.jpeg,guesthouse-surabaya-sambikerep-natura-single-3-2.jpeg,112
113,hotel-surabaya-genteng-doubletree-deluxe-2-1.webp,hotel-surabaya-genteng-doubletree-deluxe-2-2.webp,113
114,hotel-surabaya-genteng-doubletree-suite-3-1.webp,hotel-surabaya-genteng-doubletree-suite-3-2.webp,114
115,hotel-surabaya-sawahan-shangrila-horizon-3-1.webp,hotel-surabaya-sawahan-shangrila-horizon-3-2.webp,115
116,hotel-surabaya-sawahan-shangrila-twindeluxe-2-1.webp,hotel-surabaya-sawahan-shangrila-twindeluxe-2-2.webp,116
117,hotel-surabaya-sukomanunggal-vasa-executive-3-1.webp,hotel-surabaya-sukomanunggal-vasa-executive-3-2.webp,117
118,hotel-surabaya-sukomanunggal-vasa-twin-2-1.webp,hotel-surabaya-sukomanunggal-vasa-twin-2-2.webp,118
119,hotel-surabaya-genteng-wyndam-deluxeking-2-1.webp,hotel-surabaya-genteng-wyndam-deluxeking-2-2.webp,119
120,hotel-surabaya-genteng-wyndam-executive-3-1.webp,hotel-surabaya-genteng-wyndam-executive-3-2.webp,120
121,villa-surabaya-sambikerep-esayuri-double-3-1.jpeg,villa-surabaya-sambikerep-esayuri-double-3-2.jpeg,121
122,villa-surabaya-sambikerep-esayuri-master-2-1.webp,villa-surabaya-sambikerep-esayuri-master-2-2.webp,122
123,villa-surabaya-sukolilo-kertajaya-premier-2-1.webp,villa-surabaya-sukolilo-kertajaya-premier-2-2.webp,123
124,villa-surabaya-sukolilo-kertajaya-premierplus-3-1.webp,villa-surabaya-sukolilo-kertajaya-premierplus-3-2.webp,124
125,villa-surabaya-dukuhpakis-raka-queen-3-1.webp,villa-surabaya-dukuhpakis-raka-queen-3-2.webp,125
126,villa-surabaya-dukuhpakis-raka-twin-2-1.webp,villa-surabaya-dukuhpakis-raka-twin-2-2.webp,126
127,villa-surabaya-tandes-rumamanis-main-2-1.webp,villa-surabaya-tandes-rumamanis-main-2-2.webp,127
128,villa-surabaya-tandes-rumamanis-single-3-1.jpeg,villa-surabaya-tandes-rumamanis-single-3-2.jpeg,128
129,apartment-yogyakarta-depok-jowoklutuk-studio-2-1.webp,apartment-yogyakarta-depok-jowoklutuk-studio-2-2.webp,129
130,apartment-yogyakarta-depok-jowoklutuk-studioplus-3-1.webp,apartment-yogyakarta-depok-jowoklutuk-studioplus-3-2.webp,130
131,apartment-yogyakarta-merapi-roten-primary-2-1.webp,apartment-yogyakarta-merapi-roten-primary-2-2.webp,131
132,apartment-yogyakarta-merapi-roten-secondary-3-1.webp,apartment-yogyakarta-merapi-roten-secondary-3-2.webp,132
133,apartment-yogyakarta-depok-studentcastle-studioeast-2-1.webp,apartment-yogyakarta-depok-studentcastle-studioeast-2-2.webp,133
134,apartment-yogyakarta-depok-studentcastle-studiowest-3-1.webp,apartment-yogyakarta-depok-studentcastle-studiowest-3-2.webp,134
135,apartment-yogyakarta-depok-v-master-2-1.webp,apartment-yogyakarta-depok-v-master-2-2.webp,135
136,apartment-yogyakarta-depok-v-secondary-3-1.webp,apartment-yogyakarta-depok-v-secondary-3-2.webp,136
137,guesthouse-yogyakarta-depok-chipmunk-mainroom-2-1.webp,guesthouse-yogyakarta-depok-chipmunk-mainroom-2-2.webp,137
138,guesthouse-yogyakarta-depok-chipmunk-second-3-1.webp,guesthouse-yogyakarta-depok-chipmunk-second-3-2.webp,138
139,guesthouse-yogyakarta-depok-omahtentrem-family-3-1.webp,guesthouse-yogyakarta-depok-omahtentrem-family-3-2.webp,139
140,guesthouse-yogyakarta-depok-omahtentrem-master-2-1.webp,guesthouse-yogyakarta-depok-omahtentrem-master-2-2.webp,140
141,guesthouse-yogyakarta-kasihan-riverside-master-2-1.webp,guesthouse-yogyakarta-kasihan-riverside-master-2-2.webp,141
142,guesthouse-yogyakarta-kasihan-riverside-queen-3-1.webp,guesthouse-yogyakarta-kasihan-riverside-queen-3-2.webp,142
143,guesthouse-yogyakarta-sewon-tasteful-master-2-1.webp,guesthouse-yogyakarta-sewon-tasteful-master-2-2.webp,143
144,guesthouse-yogyakarta-sewon-tasteful-secondary-3-1.webp,guesthouse-yogyakarta-sewon-tasteful-secondary-3-2.webp,144
145,hotel-yogyakarta-adisucipto-ambarrukmo-executive-3-1.webp,hotel-yogyakarta-adisucipto-ambarrukmo-executive-3-2.webp,145
146,hotel-yogyakarta-adisucipto-ambarrukmo-junior-2-1.webp,hotel-yogyakarta-adisucipto-ambarrukmo-junior-2-2.webp,146
147,hotel-yogyakarta-malioboro-elroyale-deluxeking-2-1.webp,hotel-yogyakarta-malioboro-elroyale-deluxeking-2-2.webp,147
148,hotel-yogyakarta-malioboro-elroyale-executiveking-3-1.webp,hotel-yogyakarta-malioboro-elroyale-executiveking-3-2.webp,148
149,hotel-yogyakarta-ngaglik-hyatt-king-2-1.webp,hotel-yogyakarta-ngaglik-hyatt-king-2-2.webp,149
150,hotel-yogyakarta-ngaglik-hyatt-twin-3-1.webp,hotel-yogyakarta-ngaglik-hyatt-twin-3-2.webp,150
151,hotel-yogyakarta-depok-lafayette-president-2-1.webp,hotel-yogyakarta-depok-lafayette-president-2-2.webp,151
152,hotel-yogyakarta-depok-lafayette-suite-3-1.webp,hotel-yogyakarta-depok-lafayette-suite-3-2.webp,152
153,villa-yogyakarta-kasihan-portum-deluxe-3-1.jpeg,villa-yogyakarta-kasihan-portum-deluxe-3-2.jpeg,153
154,villa-yogyakarta-kasihan-portum-paviliun-2-1.webp,villa-yogyakarta-kasihan-portum-paviliun-2-2.webp,154
155,villa-yogyakarta-mlati-teduh-master-2-1.webp,villa-yogyakarta-mlati-teduh-master-2-2.webp,155
156,villa-yogyakarta-mlati-teduh-twin-3-1.webp,villa-yogyakarta-mlati-teduh-twin-3-2.webp,156
157,villa-yogyakarta-sewon-tembi-master-2-1.webp,villa-yogyakarta-sewon-tembi-master-2-2.webp,157
158,villa-yogyakarta-sewon-tembi-secondary-3-1.webp,villa-yogyakarta-sewon-tembi-secondary-3-2.webp,158
159,villa-yogyakarta-depok-tibra-master-2-1.webp,villa-yogyakarta-depok-tibra-master-2-2.webp,159
160,villa-yogyakarta-depok-tibra-secondary-3-1.webp,villa-yogyakarta-depok-tibra-secondary-3-2.webp,160